<?xml version="1.0" encoding="UTF-8"?>
<!DOCTYPE plist PUBLIC "-//Apple//DTD PLIST 1.0//EN" "http://www.apple.com/DTDs/PropertyList-1.0.dtd">
<plist version="1.0">
<dict>
	<key>files</key>
	<dict>
		<key>version.plist</key>
		<data>
		vM7arN1gdslpe6tSSR4L5AHeaCQ=
		</data>
	</dict>
	<key>files2</key>
	<dict>
		<key>MacOS/AGDCDiagnose</key>
		<dict>
			<key>cdhash</key>
			<data>
			0cWw6VBLV/IjH5OIpybqlpPAh8E=
			</data>
			<key>requirement</key>
			<string>identifier "com.apple.AGDCDiagnose" and anchor apple</string>
		</dict>
		<key>PlugIns/AGDCBacklightControl.kext</key>
		<dict>
			<key>cdhash</key>
			<data>
			dRJsk+s9Yv7Ewwi2s/JcfGZbWp8=
			</data>
			<key>requirement</key>
			<string>identifier "com.apple.driver.AGDCBacklightControl" and anchor apple</string>
		</dict>
		<key>PlugIns/AGDCPluginDisplayMetrics.kext</key>
		<dict>
			<key>cdhash</key>
			<data>
			xIBbtEtwGDWBj0dFGbreIYaA7nM=
			</data>
			<key>requirement</key>
			<string>identifier "com.apple.AGDCPluginDisplayMetrics" and anchor apple</string>
		</dict>
		<key>PlugIns/AppleGPUWrangler.kext</key>
		<dict>
			<key>cdhash</key>
			<data>
			XVF864IK+qk9d+hYpTU9ESFBtuU=
			</data>
			<key>requirement</key>
			<string>identifier "com.apple.AppleGPUWrangler" and anchor apple</string>
		</dict>
		<key>PlugIns/AppleGraphicsDeviceControl.kext</key>
		<dict>
			<key>cdhash</key>
			<data>
			gqQxN+yf/wXMz2sYnoJEXZLcMjQ=
			</data>
			<key>requirement</key>
			<string>identifier "com.apple.AppleGraphicsDeviceControl" and anchor apple</string>
		</dict>
		<key>PlugIns/AppleGraphicsDevicePolicy.kext</key>
		<dict>
			<key>cdhash</key>
			<data>
			QFKhy9ICbm+VsfQg87MSgBNpZTg=
			</data>
			<key>requirement</key>
			<string>identifier "com.apple.driver.AppleGraphicsDevicePolicy" and anchor apple</string>
		</dict>
		<key>PlugIns/AppleMGPUPowerControl.kext</key>
		<dict>
			<key>cdhash</key>
			<data>
			scU+t9r6sIW8T4se4J/xB107VmY=
			</data>
			<key>requirement</key>
			<string>identifier "com.apple.driver.AppleMGPUPowerControl" and anchor apple</string>
		</dict>
		<key>PlugIns/AppleMuxControl.kext</key>
		<dict>
			<key>cdhash</key>
			<data>
			ZbrKKzYaiYufcgBrCKmRgp/4weM=
			</data>
			<key>requirement</key>
			<string>identifier "com.apple.driver.AppleMuxControl" and anchor apple</string>
		</dict>
		<key>PlugIns/AppleMuxControl2.kext</key>
		<dict>
			<key>cdhash</key>
			<data>
			3oq5+5LmsjGkIoNcdsgTY/cf0oA=
			</data>
			<key>requirement</key>
			<string>identifier "com.apple.driver.AppleMuxControl2" and anchor apple</string>
		</dict>
		<key>PlugIns/ApplePolicyControl.kext</key>
		<dict>
			<key>cdhash</key>
			<data>
			A8IVgmewp2Q8qDu0+LGsTuXdB94=
			</data>
			<key>requirement</key>
			<string>identifier "com.apple.driver.ApplePolicyControl" and anchor apple</string>
		</dict>
		<key>version.plist</key>
		<dict>
			<key>hash2</key>
			<data>
			hRl8sfRKXVoyOSf/QCylVCm5NOeYPP6JwOd9ffG6/eE=
			</data>
		</dict>
	</dict>
	<key>rules</key>
	<dict>
		<key>^Resources/</key>
		<true/>
		<key>^Resources/.*\.lproj/</key>
		<dict>
			<key>optional</key>
			<true/>
			<key>weight</key>
			<real>1000</real>
		</dict>
		<key>^Resources/.*\.lproj/locversion.plist$</key>
		<dict>
			<key>omit</key>
			<true/>
			<key>weight</key>
			<real>1100</real>
		</dict>
		<key>^Resources/Base\.lproj/</key>
		<dict>
			<key>weight</key>
			<real>1010</real>
		</dict>
		<key>^version.plist$</key>
		<true/>
	</dict>
	<key>rules2</key>
	<dict>
		<key>.*\.dSYM($|/)</key>
		<dict>
			<key>weight</key>
			<real>11</real>
		</dict>
		<key>^(.*/)?\.DS_Store$</key>
		<dict>
			<key>omit</key>
			<true/>
			<key>weight</key>
			<real>2000</real>
		</dict>
		<key>^(Frameworks|SharedFrameworks|PlugIns|Plug-ins|XPCServices|Helpers|MacOS|Library/(Automator|Spotlight|LoginItems))/</key>
		<dict>
			<key>nested</key>
			<true/>
			<key>weight</key>
			<real>10</real>
		</dict>
		<key>^.*</key>
		<true/>
		<key>^Info\.plist$</key>
		<dict>
			<key>omit</key>
			<true/>
			<key>weight</key>
			<real>20</real>
		</dict>
		<key>^PkgInfo$</key>
		<dict>
			<key>omit</key>
			<true/>
			<key>weight</key>
			<real>20</real>
		</dict>
		<key>^Resources/</key>
		<dict>
			<key>weight</key>
			<real>20</real>
		</dict>
		<key>^Resources/.*\.lproj/</key>
		<dict>
			<key>optional</key>
			<true/>
			<key>weight</key>
			<real>1000</real>
		</dict>
		<key>^Resources/.*\.lproj/locversion.plist$</key>
		<dict>
			<key>omit</key>
			<true/>
			<key>weight</key>
			<real>1100</real>
		</dict>
		<key>^Resources/Base\.lproj/</key>
		<dict>
			<key>weight</key>
			<real>1010</real>
		</dict>
		<key>^[^/]+$</key>
		<dict>
			<key>nested</key>
			<true/>
			<key>weight</key>
			<real>10</real>
		</dict>
		<key>^embedded\.provisionprofile$</key>
		<dict>
			<key>weight</key>
			<real>20</real>
		</dict>
		<key>^version\.plist$</key>
		<dict>
			<key>weight</key>
			<real>20</real>
		</dict>
	</dict>
</dict>
</plist>
