<?xml version="1.0" encoding="UTF-8"?>
<!DOCTYPE plist PUBLIC "-//Apple//DTD PLIST 1.0//EN" "http://www.apple.com/DTDs/PropertyList-1.0.dtd">
<plist version="1.0">
<dict>
	<key>files</key>
	<dict>
		<key>version.plist</key>
		<data>
		Hdxmc1vV2BkMbTczaZrJg/lSRJk=
		</data>
	</dict>
	<key>files2</key>
	<dict>
		<key>MacOS/AGDCDiagnose</key>
		<dict>
			<key>cdhash</key>
			<data>
			pw4YO9Br/VfNzY09ss0XYBbOE4g=
			</data>
			<key>requirement</key>
			<string>identifier "com.apple.AGDCDiagnose" and anchor apple</string>
		</dict>
		<key>PlugIns/AGDCBacklightControl.kext</key>
		<dict>
			<key>cdhash</key>
			<data>
			r8uyB+DkEUqtMSjJnywX6xjIlD8=
			</data>
			<key>requirement</key>
			<string>identifier "com.apple.driver.AGDCBacklightControl" and anchor apple</string>
		</dict>
		<key>PlugIns/AGDCPluginDisplayMetrics.kext</key>
		<dict>
			<key>cdhash</key>
			<data>
			D9lDThHvuMckZQA9wQYlP1BWgrU=
			</data>
			<key>requirement</key>
			<string>identifier "com.apple.AGDCPluginDisplayMetrics" and anchor apple</string>
		</dict>
		<key>PlugIns/AppleGPUWrangler.kext</key>
		<dict>
			<key>cdhash</key>
			<data>
			VGW5rwlBqy6evBzdrutVCMHG120=
			</data>
			<key>requirement</key>
			<string>identifier "com.apple.AppleGPUWrangler" and anchor apple</string>
		</dict>
		<key>PlugIns/AppleGraphicsDeviceControl.kext</key>
		<dict>
			<key>cdhash</key>
			<data>
			KFFhDEvCuXSCEsayFiBNt21ta7M=
			</data>
			<key>requirement</key>
			<string>identifier "com.apple.AppleGraphicsDeviceControl" and anchor apple</string>
		</dict>
		<key>PlugIns/AppleGraphicsDevicePolicy.kext</key>
		<dict>
			<key>cdhash</key>
			<data>
			8XsbUL9urkjiYYBezLldwCa4e+o=
			</data>
			<key>requirement</key>
			<string>identifier "com.apple.driver.AppleGraphicsDevicePolicy" and anchor apple</string>
		</dict>
		<key>PlugIns/AppleMGPUPowerControl.kext</key>
		<dict>
			<key>cdhash</key>
			<data>
			+N6urJM6KCuSTn59sjsamU2PJhY=
			</data>
			<key>requirement</key>
			<string>identifier "com.apple.driver.AppleMGPUPowerControl" and anchor apple</string>
		</dict>
		<key>PlugIns/AppleMuxControl.kext</key>
		<dict>
			<key>cdhash</key>
			<data>
			0RPDnN4AyOOjntHjODvElGHtiwk=
			</data>
			<key>requirement</key>
			<string>identifier "com.apple.driver.AppleMuxControl" and anchor apple</string>
		</dict>
		<key>PlugIns/AppleMuxControl2.kext</key>
		<dict>
			<key>cdhash</key>
			<data>
			pSxiSH9LmtmXo5XyNl8oy6ojjyk=
			</data>
			<key>requirement</key>
			<string>identifier "com.apple.driver.AppleMuxControl2" and anchor apple</string>
		</dict>
		<key>PlugIns/ApplePolicyControl.kext</key>
		<dict>
			<key>cdhash</key>
			<data>
			wayjOXEkNGbwYRK/CfIEcONzJoI=
			</data>
			<key>requirement</key>
			<string>identifier "com.apple.driver.ApplePolicyControl" and anchor apple</string>
		</dict>
		<key>version.plist</key>
		<dict>
			<key>hash2</key>
			<data>
			M4G/X1tZ25+Z3VbhPF+4yrT7anL6Ko4xoeRtFwEBat0=
			</data>
		</dict>
	</dict>
	<key>rules</key>
	<dict>
		<key>^Resources/</key>
		<true/>
		<key>^Resources/.*\.lproj/</key>
		<dict>
			<key>optional</key>
			<true/>
			<key>weight</key>
			<real>1000</real>
		</dict>
		<key>^Resources/.*\.lproj/locversion.plist$</key>
		<dict>
			<key>omit</key>
			<true/>
			<key>weight</key>
			<real>1100</real>
		</dict>
		<key>^Resources/Base\.lproj/</key>
		<dict>
			<key>weight</key>
			<real>1010</real>
		</dict>
		<key>^version.plist$</key>
		<true/>
	</dict>
	<key>rules2</key>
	<dict>
		<key>.*\.dSYM($|/)</key>
		<dict>
			<key>weight</key>
			<real>11</real>
		</dict>
		<key>^(.*/)?\.DS_Store$</key>
		<dict>
			<key>omit</key>
			<true/>
			<key>weight</key>
			<real>2000</real>
		</dict>
		<key>^(Frameworks|SharedFrameworks|PlugIns|Plug-ins|XPCServices|Helpers|MacOS|Library/(Automator|Spotlight|LoginItems))/</key>
		<dict>
			<key>nested</key>
			<true/>
			<key>weight</key>
			<real>10</real>
		</dict>
		<key>^.*</key>
		<true/>
		<key>^Info\.plist$</key>
		<dict>
			<key>omit</key>
			<true/>
			<key>weight</key>
			<real>20</real>
		</dict>
		<key>^PkgInfo$</key>
		<dict>
			<key>omit</key>
			<true/>
			<key>weight</key>
			<real>20</real>
		</dict>
		<key>^Resources/</key>
		<dict>
			<key>weight</key>
			<real>20</real>
		</dict>
		<key>^Resources/.*\.lproj/</key>
		<dict>
			<key>optional</key>
			<true/>
			<key>weight</key>
			<real>1000</real>
		</dict>
		<key>^Resources/.*\.lproj/locversion.plist$</key>
		<dict>
			<key>omit</key>
			<true/>
			<key>weight</key>
			<real>1100</real>
		</dict>
		<key>^Resources/Base\.lproj/</key>
		<dict>
			<key>weight</key>
			<real>1010</real>
		</dict>
		<key>^[^/]+$</key>
		<dict>
			<key>nested</key>
			<true/>
			<key>weight</key>
			<real>10</real>
		</dict>
		<key>^embedded\.provisionprofile$</key>
		<dict>
			<key>weight</key>
			<real>20</real>
		</dict>
		<key>^version\.plist$</key>
		<dict>
			<key>weight</key>
			<real>20</real>
		</dict>
	</dict>
</dict>
</plist>
